<?xml version='1.0' encoding='UTF-8' ?>
<timeLogEntries>
  <time id="1" path="/Lab 2/PSP0/Planning" start="@1536419365671" delta="46" />
  <time id="2" path="/Lab 2/PSP0/Planning" start="@1536431571417" delta="17" />
  <time id="3" path="/Lab 2/PSP0/Design" start="@1536592602686" delta="105" interrupt="1" />
  <time id="4" path="/Lab 2/PSP0/Planning" start="@1536599029522" delta="68" />
  <time id="5" path="/Lab 2/PSP0/Design" start="@1537025128659" delta="44" />
  <time id="7" path="/Lab 2/PSP0/Code" start="@1537110465216" delta="58" />
  <time id="8" path="/Lab 2/PSP0/Code" start="@1537139098089" delta="159" />
  <time id="9" path="/Lab 2/PSP0/Code" start="@1537213780053" delta="9" />
  <time id="10" path="/Lab 2/PSP0/Code" start="@1537239885756" delta="66" />
  <time id="11" path="/Lab 2/PSP0/Code" start="@1537282592337" delta="72" />
  <time id="12" path="/Lab 2/PSP0/Test" start="@1537290966187" delta="11" />
  <time id="13" path="/Lab 2/PSP0/Code" start="@1537293661750" delta="10" />
  <time id="14" path="/Lab 2/PSP0/Test" start="@1537294283315" delta="32" />
  <time id="15" path="/Lab 2/PSP0/Code" start="@1537394476498" delta="72" />
  <time id="16" path="/Lab 2/PSP0/Code" start="@1537401773651" delta="73" />
  <time id="17" path="/Lab 2/PSP0/Code" start="@1537457875984" delta="25" />
  <time id="18" path="/Lab 2/PSP0/Code" start="@1537474249837" delta="41" />
  <time id="19" path="/Lab 2/PSP0/Code" start="@1537488031088" delta="88" />
  <time id="19" path="/Lab 2/PSP0/Code" start="@1537488031088" delta="44" />
  <time id="20" path="/Lab 3/PSP0/Planning" start="@1539363981595" delta="46" interrupt="1" />
  <time id="22" path="/Lab 3/PSP0/Planning" start="@1539456063887" delta="34" />
  <time id="23" path="/Lab 3/PSP0/Design" start="@1539464509232" delta="83" comment="Diagrama de clases" />
  <time id="25" path="/Lab 3/PSP0/Code" start="@1539470230118" delta="38" />
  <time id="26" path="/Lab 3/PSP0/Code" start="@1539474393654" delta="11" />
  <time id="27" path="/Lab 3/PSP0/Code" start="@1539750557685" delta="43" />
  <time id="28" path="/Lab 3/PSP0/Code" start="@1540048731679" delta="38" />
  <time id="29" path="/Lab 3/PSP0/Code" start="@1540171131673" delta="76" />
  <time id="30" path="/Lab 3/PSP0/Code" start="@1540179556601" delta="11" />
  <time id="31" path="/Lab 3/PSP0/Code" start="@1540235215722" delta="39" />
  <time id="32" path="/Lab 3/PSP0/Code" start="@1540310246169" delta="29" />
  <time id="33" path="/Lab 3/PSP0/Design" start="@1540312021547" delta="36" />
  <time id="34" path="/Lab 3/PSP0/Code" start="@1540315022511" delta="11" />
  <time id="35" path="/Lab 3/PSP0/Test" start="@1540344719335" delta="28" />
  <time id="36" path="/Lab 3/PSP0/Code" start="@1540353141884" delta="21" />
  <time id="37" path="/Lab 3/PSP0/Design" start="@1540410722499" delta="55" />
  <time id="38" path="/Lab 3/PSP0/Code" start="@1540415740477" delta="51" />
  <time id="39" path="/Lab 3/PSP0/Design" start="@1540418825991" delta="41" />
  <time id="40" path="/Lab 3/PSP0/Code" start="@1540477836574" delta="114" />
  <time id="41" path="/Lab 3/PSP0/Code" start="@1540502329855" delta="19" />
  <time id="42" path="/Lab 3/PSP0/Code" start="@1540505503726" delta="16" />
  <time id="43" path="/GMaps/PSP0/Planning" start="@1549121660692" delta="130" />
  <time id="44" path="/GMaps/PSP0/Planning" start="@1549214422025" delta="45" />
  <time id="45" path="/GMaps/PSP0/Code" start="@1549225913485" delta="224" interrupt="18" />
  <time id="46" path="/GMaps/PSP0/Code" start="@1549250523841" delta="134" />
</timeLogEntries>
